user-d1e64ef7-660d-4f9b-92e9-d19597397362,ajay,22,ktm,Male,
user-b87ef73a-859e-48ad-b62b-80535e502252,reema,26,ktm,Female,
user-cdb7f375-8fae-4114-ac05-1c44065b160a,kriti,26,ktm,Female,
user-f442aeb3-f233-43cf-8d50-aa1664ef44df,babu,20,putalisadak,Female,
user-4455934e-6203-44f5-b4d4-6eadc5c9c0b7,ram,30,koteshwor,Male,
user-9abc485d-9bb6-4f71-980e-b4d4c8a37c2b,hari,29,baneshwor,Male,
user-94d6d9df-5246-4347-8f64-d4ec3b2954c8,rohan,32,putalisadak,Male,
user-fd264b26-f260-429b-a395-88de488900b0,suresh,28,kalanki,Male,
user-760b7ed4-c2bf-4ee2-8371-95863bd6b8f9,bidur,31,ktm,Male,
user-5d331d7b-19a4-4776-81e5-c854f84c021b,rajan,33,ktm,Male,
user-e4b7420f-f604-471c-b82c-62c9332824d4,susil,34,chapagaun,Male,
user-8e4bbe5a-5dcb-40d3-a15f-0386e4d4955c,bunny,28,sadhobaato,Male,
user-a431faa7-a9c2-4d30-8dca-bfb36ec3daf4,ankit,29,ktm,Male,
user-4d2aa0aa-d981-4db5-985f-7f5592553775,prajwal,29,ktm,Male,
user-7a27b8f6-fa0e-448d-bc86-ce513083da42,pratik,34,ktm,Male,
user-a8764b53-5943-47c1-aaf0-13b2334a5528,pritesh,30,ktm,Male,
user-bc4a97cc-abda-47e3-9d1c-3e14ba41f0d9,pritam,32,ktm,Male,
user-a68a151b-2903-4d4e-913e-c838829d1eee,bishal,33,ktm,Male,
user-0ba10b4f-f15b-403b-9d3e-9017d868f00b,bibek,34,kalanki,Male,
user-1bcec10a-e057-4295-8476-d3bb88d22bd1,dipak,28,ktm,Male,
user-7bfeb286-fb3f-4c53-a349-339b78c9cc5c,surya,33,ktm,Male,
user-abdacbe8-f0d0-4ca5-b4ce-36f38ae77531,bimosh,26,ktm,Male,
user-a918fef1-9d3f-4c00-8407-0bc745f2be6c,pradip,29,ktm,Male,
user-8afd784b-311c-40cb-bb5d-f75ec171ad53,raj,33,ktm,Male,
user-90f5de74-68d0-4ecb-81c1-b179e794e1e8,roman,34,ktm,Male,
user-90bff6ec-a794-4c48-a21d-5d2c5e436afb,prabesh,37,lagankhel,Male,
user-e6c83649-bee1-4366-bc79-d006ffcb4cd9,tilak,38,ktm,Male,
user-01a912c5-5445-4fa0-9d0c-540ab1eea8d8,atlantic,30,ktm,Male,
user-9d3c89d6-4fd8-4360-a0c6-bc9dd598d030,dhiren,32,ktm,Male,
user-1b84e60d-caf2-4e54-b339-2977158de3c2,biplap,35,ktm,Male,
user-70868ea9-d777-4798-81df-e1bb2d5654a4,susant,29,kalanki,Male,
user-73c7c925-20f7-4f90-9ed4-90bf37182f20,harsh,30,ktm,Male,
user-fbdab55f-77d6-4c93-a7b3-2f0805aeeede,ishwari,25,ktm,Female,
user-f3a2240c-8c37-42b4-86f9-8fb21b19bec9,keshav,23,ktm,Male,
user-e2a047cb-a4a2-417e-b47c-7e569e288454,rohan,28,ktm,Male,
user-07c2f96e-bcf5-4139-9ef3-384d61d415eb,bhupen,30,ktm,Male,
user-baa15588-9c2c-4e2a-a769-2f4b9f73fc88,bhupendra,27,ktm,Male,
user-a341185c-fcf1-48ef-a08d-c41d9d4b2d11,himal,22,putalisadak,Male,
user-b5d3ff32-7727-4fb9-957c-130c77edf6ca,nirmal,21,baneshwor,Male,
user-977b816c-6553-454c-98a7-07206b2e9cc3,bhawana,22,ktm,Female,
user-bc098bf1-7df0-491e-88df-b31d5e44f362,bhuwan,25,ktm,Male,
user-3c4a081f-2232-4928-bec5-8e4b4c321539,carlo,23,putalisadak,Male,
user-e77c65c1-5511-40e8-9532-97ce06a01151,david,26,ktm,Male,
user-e53a0e33-0f8f-4a14-aeba-d7b2f08f2648,marco,26,koteshwor,Male,
user-5b45aa4f-4ca9-4c0d-9aca-e4519b43d8f7,neha,25,thamel,Female,
user-c15ce246-a0fb-4ee3-9593-aa31756c5c22,onis,24,lainchour,Male,
user-05b9959e-0ecc-432e-b04c-d8079fd9e822,ban,22,lainchour,Male,
user-ab4830d7-96fc-4d98-b813-4eaa1ada1faa,nibandha,22,newroad,Male,
user-23fbe059-83cd-4d1b-947d-ae0919190ec7,pramod,26,chabahil,Male,
user-3e03ead0-4557-4a04-9c6a-95c868ce1c15,user,25,thamel,Male,
user-e0729d8a-fddf-49af-8682-524c22d99b22,marin,25,thamel,Male,
user-ba7e5ce8-f9c3-45fc-9c12-200e87832f44,aayush,25,thamel,Male,
user-89154b9c-7ae8-48e3-80b5-f64445deb6b5,alan,25,lainchour,Male,
user-be2cad2c-0870-4a83-a4e0-425893fdb589,madan,25,ktm,Male,
user-a0ec21f6-555d-4501-86f0-ddd2044a4778,davin,25,thamel,Male,
user-fa868d79-9dac-4bb0-8477-0f1091abdd8d,jubin,26,ktm,Male,
user-060fd697-2a8b-451a-894e-45b86914f6bd,marcus,26,putalisadak,Male,
user-50aa44a0-7546-468f-a077-c191b872657e,omkar,26,chabahil,Male,
user-eebfc47b-42ef-467b-81ed-60d3c5e79b80,puskar,25,ktm,Male,
user-231ebf25-adf0-4cb8-bca5-38f2064c417a,om,26,ktm,Male,
user-c792a8d6-26b1-4143-8dd5-32edff569410,oskar,26,ktm,Male,
user-6e43d556-7166-46a4-ba18-dd3d4b713165,niketan,35,ktm,Male,
user-e84eab74-e532-4143-8646-36d9f0af83a9,nitin,33,ktm,Male,
user-974e2c86-4e5e-470e-9306-884e92bbb9dc,andy,32,ktm,Male,
user-59b9a1e9-11c9-419f-9b1e-375c63a5d2ae,aman,32,ktm,Male,
user-9d1836f2-44f2-4fd7-85fc-ce5215562627,naman,31,ktm,Male,
user-8f9369cc-c8c0-4129-81a9-1104ff3a9bca,jigar,30,kalanki,Male,
user-fcb70724-0093-4c1e-bbe9-3a710015e42e,manav,30,kalanki,Male,
user-084d187e-43a3-4700-81fc-54bb90772e0d,rishu,30,kalanki,Male,
user-0d782b87-508c-48c2-9722-f69751a1907f,nobel,33,ktm,Male,
user-e5083613-d1cb-4ed6-8040-d57a9aadb402,bhugol,30,ktm,Male,
user-bd6902ec-4e82-408a-834b-e40969b98f61,asim,36,ktm,Male,
user-08816a72-01e4-4553-99f1-e74858977fe5,ashaain,35,ktm,Male,
user-bc9d3098-06a4-432a-a6c7-1e17090a8eda,veer,33,ktm,Male,
user-b6222571-0288-4ce6-9a8b-a51beba19e5d,nawaj,34,ktm,Male,
user-14eccb64-d18e-45a8-9baa-7e10e8106775,rikesh,32,ktm,Male,
user-f252d396-7fbb-4b7e-823e-bea846964b57,tirtha,34,ktm,Male,
user-eaa78457-e12b-4911-8dab-63ceaa734748,ranadev,33,ktm,Male,
user-8f772a5e-50cb-41c6-8c5a-82f5cd5e9623,robert,31,ktm,Male,
user-843162f2-db1f-4841-86e2-722b6b38a5b4,asmar,26,chabahil,Male,
user-d10feec2-fa18-4003-b633-75fe1a2f0417,asmit,25,ktm,Male,
user-e17f0f8c-40a0-4c4c-a8f3-0f542b28cad5,ander,21,ktm,Male,
user-60258372-170b-4e46-86eb-8df6e4188e9a,akira,26,thamel,Female,
user-3558fb2d-07c4-4011-a0fa-4f8e86f4d8d0,akito,24,thamel,Female,
user-462b48fe-4c3a-424d-be73-ebb3eb3cf8a2,amber,22,ktm,Male,
user-915eedc3-f0b5-40e1-9ff3-7fad7f35f745,amisha,29,ktm,Female,
user-c7674954-6144-4691-b805-20d8d34659c7,asmi,21,baneshwor,Female,
user-cfe1d21a-77e8-479d-b168-b8f28a39ac8c,asmin,25,ktm,Male,
user-6a37244d-113b-4ee6-9ec4-5cafd3b37d87,alexander,21,ktm,Male,
user-4a96db49-8ba3-4657-a613-20a7bf8d325c,andrew,21,ktm,Male,
user-189070e2-5d1e-47d8-a04d-ee877f9521e0,anthony,25,putalisadak,Male,
user-7dc233bd-1208-4e6b-a6d9-b58fc1e010b3,aaron,25,lainchour,Male,
user-77588424-b06b-4c69-aa50-972bc503f8b1,alice,32,ktm,Female,
user-fa14ef6b-9b1c-4f9b-8a5f-4b759df82040,avery,22,ktm,Female,
user-59f613f2-92b2-4b7f-a0f1-c85da2263ba3,abigail,21,ktm,Female,
user-6d5b21ae-14b0-443a-adef-bfe09ab84b8f,alexis,26,ktm,Female,
user-d66f4cdc-9e57-425c-83ce-7229a365c801,arthur,21,ktm,Male,
user-cb5a83da-c667-4025-8fe4-0b76c7db1162,abel,26,ktm,Male,
user-1b43b11d-bfc9-4fba-925d-e31e009b0c90,ashton,29,lainchour,Male,
user-0cd4a8be-7cd8-45ac-a8a2-8a5585288008,ace,31,ktm,Male,
user-6c8e63b5-c1ab-4460-a87a-a5909bfe71c3,adrian,31,lainchour,Male,
user-efe5407e-6a5a-4ae1-bff8-68276434f9a6,aiden,22,putalisadak,Male,
user-6045f9ce-db0c-4bd6-8a72-a2a016f42d18,aurora,32,ktm,Female,
user-4db6b298-ca3c-4f4d-9760-d09251a99ee3,astrid,28,ktm,Male,
user-86581840-8538-4673-bf97-9f48d79e62d0,asher,29,bhrikutimandap,Male,
user-34f36edb-b78a-49c4-af51-fa16f58b202b,ariel,25,ktm,Male,
user-a4df1ecb-4294-4846-ac29-1063cccd07d0,amelia,23,ktm,Male,
user-291a1214-213e-45c3-8f75-e8bcf2320860,anna,23,ktm,Female,
user-b0dbf3ef-50a9-4f2b-8b60-fbd5859f9812,aayansh,23,ktm,Male,
user-5c11a8af-276c-4ed8-a1be-ab3417cdbc2a,anaya,25,ktm,Male,
user-82c4c455-5810-47e5-8991-312598eedc5e,avyukt,25,ktm,Male,
user-adad29e2-9fc4-45dc-ade9-dce1a5f8ed1e,aarav,21,ktm,Male,
user-34975d98-6219-4ecb-b14f-2a3d3a119add,avyan,26,lainchour,Male,
user-4035c059-bd16-4a80-b98a-d4b222c106b6,ashvik,21,lainchour,Male,
user-ee368ccc-30df-4b15-aa3f-018622e81cb8,advik,26,ktm,Male,
user-156204b7-8a2e-423c-8db0-c56b805424c1,anvi,21,ktm,Female,
user-9ae15dfb-4b3e-4170-9ff0-e3c7e4583582,anvit,21,ktm,Male,
user-e18d31af-7a7c-404c-874f-21a212eede75,aanay,25,ktm,Male,
user-bc7444d9-b883-41be-a932-0fa449f401ef,advait,26,ktm,Male,
user-8498d5fa-b51f-40cb-bd03-02510ed962c4,agasthya,25,ktm,Male,
user-857c2d6c-e662-46c0-9887-ae9d00cbb91f,adhrith,25,lainchour,Male,
user-72d01a1d-437f-4046-8eee-60f136a78e62,aviraj,26,chabahil,Male,
user-55c7a129-fd86-499b-8720-59621441a56f,akshant,21,chabahil,null,
user-f05b3c10-d7d7-474d-be47-0851ce5f15aa,anika,25,ktm,Female,
user-8bf2cd4e-b6f7-4074-be47-a63d6f23d585,anwit,24,ktm,Male,
user-2d596df8-6071-4ada-a5f8-6bc827a19756,avir,25,ktm,Male,
user-4a56b075-ab23-44b6-bda9-808dfe9c9c04,aahan,26,thamel,Male,
user-160f5f2d-77a9-4d16-ae0c-7f85ec079b4e,aashi,26,ktm,Male,
user-84b1e443-14ae-4ce6-9989-92a740d2de8f,aarnav,26,ktm,Male,
user-a7421dd6-efe0-4e56-bc85-e474a85f58ae,adhrit,21,ktm,Male,
user-09fb0d4a-c310-40e4-b983-902b71f6006d,aariz,26,ktm,Male,
user-467a0a88-336a-40bb-baf3-ba05820e8304,abhiram,21,ktm,Male,
user-7f1c64cb-c38e-4d28-b80a-880a5752b72f,akshit,28,ktm,Male,
user-79e23434-bee6-41e7-8971-620fd8bb9191,amay,26,ktm,Male,
user-d56367d6-cb27-4729-9ff2-e3e9276f1b6e,aaravi,26,ktm,Female,
user-ba3085f2-8a86-486c-87b3-b2f7ed3eb2a5,asmita,25,ktm,Male,
user-d6bb3a52-4201-4e40-9145-a24e5e9fd8b1,ansuman,25,chabahil,Male,
user-c5f4b3a2-69e9-454d-b2b2-d4ac16160228,ansu,23,thamel,Male,
user-6b02b6cf-8b2c-468d-ad1a-eaddbf8ae74c,ansh,21,ktm,Male,
user-4d9d2c94-7603-4779-b81b-8b8991353223,akshaj,25,bhrikutimandap,Male,
user-b8f0e53d-3c12-4e24-8f0b-4428638169bd,avi,21,thamel,Male,
user-1d889cc4-8227-4589-9ed2-86c6a4218671,aditya,29,ktm,Male,
user-3304d8f0-e594-4fdf-99b6-30be002b2d59,avaneesh,21,ktm,Male,
user-4b7fbe8c-87b5-4c99-b180-dc80fa671032,arya,21,ktm,Male,
user-8df82f90-9524-4053-a92a-331cbbfc2f3a,aidan,24,ktm,Male,
user-b0924179-af86-4825-95d6-d9f4599e48b1,anvay,29,ktm,Male,
user-695e4bed-1607-4163-8c39-7d6ad1945e9f,arjun,23,ktm,Male,
user-eb73a414-3963-410a-9e4a-00123b4b3b0a,ayman,25,ktm,Male,
user-b76a63b1-4c9d-4f79-b53d-31c205da8df9,aditi,21,ktm,Male,
user-e577826a-464c-4901-921b-25948b84c865,ankit,26,ktm,Male,
user-58deabf9-0264-4fd0-992a-956872a75331,ankita,26,ktm,Female,
user-978f5958-2682-4794-878f-64b289499a2e,aashvith,23,ktm,Male,
user-5a63f728-4b15-4fd2-bafc-6670252a605e,aniket,25,ktm,Male,
user-a382f109-5fb4-4155-b51f-d6e70761312f,adhiraj,28,ktm,Male,
user-d93a1772-4cf2-45a3-bf66-bcd64c539bf2,aaryash,25,ktm,null,
user-4ba9a456-7a7f-446d-aa0e-038c0175d26a,asher,28,ktm,Male,
user-1c9b1395-3091-474d-80c8-b76b176ff2b4,arwin,29,ktm,Male,
user-69dfb4ab-2bb1-4ba2-9373-7c9bf7cec284,adwait,28,ktm,Male,
user-be87c4f1-83d2-47e8-9dc9-dd2b29c3e8a5,Artha,29,KTM,Male,
user-d0e4a387-ae65-4e0b-a857-34848a1aac5a,arik,21,lainchour,Male,
user-c41d9c2c-b154-4de6-84c9-c61ef5766213,aizah,25,ktm,Male,
user-a14b5794-7a91-4a9d-b9c6-086e92d5f500,aizaz,25,baneshwor,Male,
user-fd738910-144d-4bb9-aa0b-78f0f3169ea2,akshath,30,putalisadak,Male,
user-1ab35464-4e42-470b-8994-22852e8dca99,aashrith,30,ktm,Male,
user-578a12c4-6c63-4a67-991c-a9621538f600,amogh,31,lainchour,Male,
user-1eb08a3f-4b84-4c8e-90f6-4c243324ece3,amaris,26,thamel,Male,
user-b7adbc1e-1309-4771-937c-13d658ec5f77,affan,20,ktm,Male,
user-50350588-15f9-4726-97d4-26df4b3ad02f,ahad,21,thamel,Male,
user-7b2b1e44-1621-45e3-af19-e32964ebbc80,ahyan,24,ktm,Male,
user-0fc45a7c-6134-4b11-98b4-c8e7dab513e2,aaryav,25,ktm,Male,
user-e674ed16-2960-4501-b162-276d3b18e7ba,aydin,26,ktm,Male,
user-cc7fbd64-16f7-42d7-a187-f343023d979b,aarthav,29,ktm,Male,
user-5cee0ea7-e26b-426b-9b00-44e277c4f161,archit,20,ktm,Male,
user-9cb387fb-2322-4a94-8f6a-3603fe3c4bb8,anirudh,21,ktm,Male,
user-77398cc4-3d20-4159-9992-11017cfe51ac,adrian,21,baneshwor,Male,
user-6028af71-cc5c-45be-b19d-a8c74b9e6559,ashrith,21,ktm,Male,
user-bf42ac68-578a-4c54-aba1-cda127bfc562,abhimanyu,21,ktm,Male,
user-1bef2ab7-5fc2-41f0-9ce0-1c75b3339281,amit,25,ktm,Male,
user-6497a33d-f359-4698-bcf7-01ab73e78810,aveer,21,ktm,Male,
user-b39a2a63-6c60-4d51-9cbc-feeabaa54a3d,ashwat,21,lainchour,Male,
user-6c2e234c-9e27-44d1-901d-01837810ee1d,anush,21,lainchour,Male,
user-5ab78eae-88e7-4afc-803b-ba4adfeb4650,aryaveer,20,thamel,Male,
user-39f92f60-0b58-4840-a5c9-44912ca5f52f,azaan,21,ktm,Male,
user-2b65605a-e3e0-41e2-99d9-d679bfa565ab,adhish,24,ktm,Male,
user-c378149c-f201-40d1-b1cb-21d7a54148e6,ashmi,24,ktm,Female,
user-d8451e86-f562-44c0-9724-3c56c4406b35,azian,19,ktm,Male,
user-d423257c-d734-4fc4-9b53-c6b0d6bc5f55,aadidev,21,ktm,Male,
user-4b484c60-f8f5-4835-b94b-14738278a405,aadit,25,ktm,Male,
user-80c9df4e-08ea-4e13-ad09-6dc86317f6ee,avik,20,ktm,Male,
user-b391089d-52ae-4f4e-b5f2-f2dea205ef50,arijit,30,ktm,Male,
user-9c8f095e-400c-425e-9900-a6d81d49bedf,ariz,21,ktm,Male,
user-8c56ea58-fd78-4ffa-86ca-a1cd7e55e70f,ashu,21,ktm,Male,
user-bfbe5b1c-91ed-406f-8ff7-f3a9d87d0f10,damodar,33,ktm,Male,
user-e1408f41-99d1-496f-a855-d3e38d848b9d,daarun,32,kalanki,Male,
user-37698c11-b28e-43c7-8e89-db0019225076,daanish,35,kalanki,Male,
user-346f6793-8b23-45e5-874b-45956ffbc1ff,dahana,23,ktm,Male,
user-5f979bd3-1b36-482e-bbbb-b13d08ea4adb,daha,34,ktm,Male,
user-db0ec898-e8f3-4148-bdad-6bc8a407b3f0,dahus,36,koteshwor,Male,
user-1be0b639-4fb0-4fff-92ee-18225fb92917,daitya,33,koteshwor,Male,
user-ff80dde6-d449-41d8-9892-d7af8defa36a,daiwik,34,koteshwor,Male,
user-8169b5b9-aa91-4be7-abbb-fe786f30b0e7,daivya,33,koteshwor,Male,
user-410681fe-19a6-431b-bf85-aec9380fb811,daksha,37,koteshwor,Male,
user-300417ba-95d0-4f21-a9e8-01a25a34197d,dakshin,34,koteshwor,Male,
user-ef4ed381-cf18-4610-b914-cfc61a7ab1fd,dakshina,32,koteshwor,Male,
user-c06c1653-d1b7-4999-a89a-7ad7a2f0435e,daksith,31,koteshwor,Male,
user-7a9258ac-2308-44ad-a4b1-1bb83c596d20,nidika,29,koteshwor,Female,
user-10df6138-1995-4c43-8fdc-dd85445d0228,samikshya,29,kalanki,Female,
user-0a710256-460d-4030-a306-ca7332f385c8,bikalp,28,kalanki,Male,
user-b9ccf530-af34-4749-9447-50582ea49682,kartik,28,kalanki,Male,
user-542e3f1f-21b2-4d3c-8192-aaf78c8c5f65,usha,27,kalanki,Female,
user-cd993373-94ae-4ce2-b0f3-5ca4aded69bd,uma,27,kalanki,Male,
user-726ae4d9-7f01-48d3-abdd-3dead3dca85a,anu,25,kalanki,Female,
user-68cbfe45-543f-4c49-8bdf-e3c88584aa1d,binayak,24,kalanki,Male,
user-ab4c5531-cedf-4e54-9a78-04a0a41ee8a0,nikita,23,baneshwor,Female,
user-6e9cc00b-1b73-44ef-beec-c38a6216c6b8,manju,29,baneshwor,Female,
user-4b30196a-7f77-4f47-8231-1100f50cf143,hira,30,baneshwor,Female,
user-99c2f846-bc70-4f84-8913-8eed452af9cf,kamal,30,baneshwor,Male,
user-0406e9b7-431e-48a0-b21f-5360c7ff34ea,kamala,31,baneshwor,Male,
user-1b02562f-8665-4fe1-bc7e-ab9e533fa7c9,kushi,31,baneshwor,Female,
user-ab4c5ffc-bc5e-4eef-88d3-974b6c70beea,kanshi,32,baneshwor,Male,
user-aca7ab0b-9e3b-4451-831b-d584a86b8d10,maya,32,baneshwor,Female,
user-47844155-de46-4b27-8b1f-2db3124878e5,bishnu,31,baneshwor,Female,
user-717cd4e4-b1d0-4273-b485-d00c0a809bb9,manil,33,chapagaun,Male,
user-17d84a94-190e-41e0-9a05-45253164fa99,bhojkumar,35,chapagaun,Male,
user-cb40a053-0bb2-421d-803c-d0d479d6cd97,manita,22,chapagaun,Female,
user-6ea516c3-2f37-439e-8b21-f16ec8bdbbe6,laxman,31,chapagaun,Male,
user-2a7aa57c-d2d6-4993-8f77-d45b67683984,binita,33,chapagaun,Female,
user-7c9ef9d2-de15-4287-b5c2-b37edf83cc0b,ruhi,30,chapagaun,Female,
user-5af5dd93-2a19-43ca-8961-2dce18e8b462,ruhina,31,chapagaun,Female,
user-67384375-d1fb-4dd9-be25-09dc7c56e4d4,lila,31,chapagaun,Male,
user-47a4e486-0bff-4da4-aef8-da93dbc58e16,barsha,33,chapagaun,Female,
user-8ca5f41a-a3c5-46db-8d6c-b846df20cb8d,sijuka,30,ktm,Female,
user-086cd726-413f-49ad-9cc5-a700f7ab5f52,kokila,29,ktm,Female,
user-00636fb1-3645-417a-9414-a120e53a6fef,chitra,30,ktm,Male,
user-da1b92a6-c8b0-44f2-a6da-f4857cdd7e87,saurab,28,ktm,Male,
user-e69ca8f4-169b-4c70-acd6-26a1df33d3eb,sanjiv,27,ktm,Male,
user-3c475e1b-32d6-4a9b-aa1c-103915a1aa44,sandip,25,ktm,Male,
user-0aacce08-5b01-4a76-b1c6-39c9aaa7329a,suhana,23,ktm,Male,
user-ab890807-8f06-47ad-bfda-77c7f63a30af,sagar ,27,ktm,Male,
user-d8f62d73-1ca7-4d9f-ba2a-a576333e8063,kaustuv,20,ktm,Male,
user-76a041e4-e5d0-4579-bfbc-c8dc1ca225b2,kishor,28,ktm,Male,
user-307b7c40-e6d4-47a9-b711-e5860b8b7d7d,bikash,26,ktm,Male,
user-7a0ee8c1-8691-4c5a-b903-26232482a98e,ritisha,25,sadobaato,Male,
user-178e6ab2-ebbf-4af7-81a4-ac2e2fc97ecc,baldev,29,sadobaato,Male,
user-9987d19b-5024-403c-8d1b-254cf1a956d6,balram,30,sadobaato,Male,
user-729831b2-cc07-43ca-afa5-7e81c8d97f9c,oshin,29,sadobaato,Male,
user-7929a0e3-262f-4a4f-bb21-1b7bf459e577,reshmi,30,sadobaato,Male,
user-a16a7655-07cc-42f1-9f76-293a486ad9f9,rupa,30,sadobaato,Female,
user-a56f6baf-cbb3-4800-8392-992827bcf701,romisha,31,sadobaato,Female,
user-bd757379-060f-4380-8061-02b3c046e89b,ranjana,35,sadobaato,Female,
user-6f10a22c-1f7a-44fb-902b-19f5a1dd9313,ranjan,34,sadobaato,Male,
user-79c9f439-1b32-4d1d-860c-75b24a22990c,sanju,30,sadobaato,Male,
user-e1bc8080-b5b0-4268-82f5-7fbd3b872d7c,rithik,31,sadobaato,Male,
user-a245e4fe-30ab-4c81-9f95-fbf480b07428,rozy,31,sadobaato,Female,
user-dfe7aa93-55f5-467c-b475-52dc7c2497c6,dipesh,32,sadobaato,Male,
user-cda2b16b-ff6f-4b60-8087-08e7c2db35f6,deependra,35,sadobaato,Male,
user-8b472163-88f6-458a-8348-9ca4ec7da0c8,nehul,33,sadobaato,Male,
user-5460749f-441a-4ab2-8d85-ab503ce7dcf2,rakul,33,sadobaato,Male,
user-43227a7a-8ead-404e-8f77-fe378f3b8b90,sandhya,23,sadobaato,Female,
user-ad9c7a30-013a-47cb-8f31-8fcfd663d47b,rashmi,29,sadobaato,Female,
user-83fbdb41-09b0-4272-bce4-b7427b677475,renish,23,sadobaato,Male,
user-23b591d8-4236-4e0f-a1ff-70134e0a6ef1,rinku,33,sadobaato,Female,
user-806ee070-89e2-4228-a853-d1327c07b244,reema,32,sadobaato,Female,
user-dbd1a5fb-7dac-4f17-9c67-83ae23a48a54,rejina,31,patan,Female,
user-b09dddca-11ac-46c7-9e6c-62a37d9d9223,kabir,33,patan,Male,
user-bacf1346-b14c-4abf-848f-56e5bd85215a,mukesh,31 ,patan,Male,
user-57714c75-9a2b-4047-9af9-78d19942fb0e,manu,31,patan,Male,
user-f6898677-fc62-4c81-8df4-0dff6a3f0d61,jenish,28,patan,Male,
user-dd2d4a16-e7fb-4878-bf95-976c304f6019,jenisha,29,patan,Female,
user-2668fd0f-2ee1-45de-9182-131da4bcb58b,unisha,28,patan,Female,
user-95ca9873-57d6-4879-834e-0d47aaaa3252,sujata,27,patan,Female,
user-ea50de87-6e95-4141-91f1-ee66631eac5e,sujit,26,patan,Male,
user-f97b07c0-cb8e-4227-b5f9-9da70a8eedad,surendra,26,patan,Male,
user-39c82c53-d236-47de-aee4-956f0b0ff5f6,sauwraj,25,patan,Male,
user-19ccb50f-61a6-44a9-b75e-f921c5e4e7a2,sudip,26,patan,Male,
user-ae045bdc-9ddb-43dd-a783-50e0158f9ddb,paras,33,patan,Male,
user-28c15967-9626-4af1-aff1-e1e5f259aa84,aadarsh,25,patan,Male,
user-510ebe7d-787a-419f-b8cf-2701eb621709,nishkarsh,24,patan,Male,
user-7bf61228-bd86-49db-b099-d875502b8b8b,niroj,24,patan,Male,
user-6d1045d9-92c0-450f-8cc5-4ee4e8c0022a,niraj,23,patan,Male,
user-d2d54bb7-0238-4271-8892-dbda1901edb4,kishan,29,patan,Male,
user-43901980-6f5f-4cff-8076-7900b279f214,kasis,29,laghankhel,Male,
user-b21574a9-835b-4495-88c6-3402cb6a8579,kanika,30,patan,Female,
user-eb17ecbf-0ee9-44c4-8f8e-4ad34951e1d6,kanta,30,lagankhel,Female,
user-baf2bbfd-98fa-4cfc-9bab-849ef27b4af3,kiyara,29,lagankhel,Female,
user-0c22ee65-a4da-401f-9ec9-3450b04e30e9,kantara,30,lagankhel,Female,
user-44d62c14-4895-4a59-baa5-09121f508cd8,niyon,30,lagankhel,Male,
user-d14bdf32-6eff-4d9a-9d90-019b205befc1,deepika,31,lagankhel,Female,
user-75c7873c-4b38-4396-a091-a108b127a914,nivya,31,lagankhel,Female,
user-963548c4-ca50-43e0-87b1-d5b2b87fdc13,nova,31,lagankhel,Female,
user-6ea7e1a3-2847-44d4-a9de-1fa85119e50a,kavya,31,lagankhel,Female,
user-a44fbb9e-0d3a-439c-abbc-9bb82917bd11,jimin,31,lagankhel,Male,
user-8adfb41e-9d4e-4c2a-bfc0-d7f78de3cb78,yoongi,31,lagankhel,Male,
user-3d425e82-39aa-450f-b0b6-e358de3b8172,goma,30,lagankhel,Female,
user-d0b633f5-c347-41bb-879e-981b9dcaeb6d,parbati,31,lagankhel,Female,
user-22658e6a-fe02-4e39-9601-91c60e6e7648,pari,30,lagankhel,Female,
user-c2289026-4f95-4389-95a2-8611c8d13808,paru,31,lagankhel,Female,
user-6dc7ef72-d69a-4583-b6ca-065804ebe7ed,himal,29,lagankhel,Male,
user-ff7b314d-aecf-418f-b59c-3ab86275fe2e,selina,31,lagankhel,Female,
user-ed602cdf-2c03-4bb5-986d-325103956c34,justin,31,lagankhel,Male,
user-58bdc025-8cb1-489f-8765-30f9a9be3370,barun,30,lagankhel,Male,
user-250f962f-a0f2-4385-a1d3-4f2a383ada17,keily,31,lagankhel,Female,
user-b54bf722-6ba9-472e-a6a2-31ca846d64a7,bela,31,lagankhel,Female,
user-9e393e83-8197-440c-9f5b-d563b6801de7,mahir ,31,lagankhel,Male,
user-f523218d-fd6d-45fa-a605-b8e7a847d102,sakuntala,31,lagankhel,Female,
user-e71b129e-8aab-486e-8627-a98df2c0ed4e,sagun,29,lagankhel,Female,
user-a745a965-9839-4704-a4ec-b9b065245948,devid ,29,lagankhel,Male,
user-99733205-2487-4ac3-b09d-ee745a0c41b4,taylor,29,lagankhel,Male,
user-85a0064d-e714-4391-b4e6-e5153be4490d,dambar,30,lagankhel,Male,
user-370a5f65-3974-4dae-bfff-f3170cd1be30,nikiminaj,30,lagankhel,Male,
user-bbaa1b88-a87c-4ca4-b884-57114b0a66be,nilam,31,lagankhel,Female,
user-7e6cb2e9-3029-4c46-b28a-1d13ecc7f92a,nilu,30,lagankhel,Female,
user-347a17d5-a962-4a0c-b8b8-c8115820ca6d,sujoon,30,lagankhel,Male,
user-3cde1dc0-39c1-45b8-900b-826afd547d62,luish,30,lagankhel,Male,
user-2acae284-0719-461e-b649-769779d80b07,dharma,30,lagankhel,Male,
user-b9838b48-4fa7-4fe0-a8c6-87a9fc51f3f0,liam,30,lagankhel,Male,
user-962a1368-629a-44de-95f3-314103f77bd0,salman,32,lagankhel,Male,
user-4e4ae369-0cdd-4e8c-aa64-a6fd5f132cd8,salima,31,lagankhel,Female,
user-a13e556c-f589-4576-ba31-42af2e971fb1,siddharth,31,lagankhel,Male,
user-9d67b345-dd70-4357-b980-084c2aa62a73,luna,30,lagankhel,Female,
user-981508c4-148f-42cf-bd56-8428ba215cb3,suikar,26,lagankhel,Male,
user-b2d87a98-6841-4d45-ac77-5d7133f815e1,rebika,29,lagankhel,Female,
user-775859a2-6bbd-4018-879c-d29a5fd1617d,rina,27,lagankhel,Female,
user-37750510-9628-4889-9726-7c9d7eef2424,pashupati,31,lagankhel,Male,
user-29966bd1-02e6-4093-bda4-06b66c816e61,rahul,29,lagankhel,Male,
user-d629a6d8-fb8c-4b28-be84-f9f9af7b89ed,rakesh,30,lagankhel,Male,
user-6082c038-0f6c-416f-8ccb-4ff191decc7d,pujan,31,lagankhel,Female,
user-f6b59976-7ad7-4165-8904-7c7751359d9e,dhan,32,lagankhel,Male,
user-1f3cfdcb-b4bd-4812-8852-6d74b59475fb,naagesh,31,lagankhel,Male,
user-55e96c6e-4951-4f89-afb8-a887aa570b37,nagarjun,31,lagankhel,Male,
user-ea5fcc00-31e4-4e02-8fa9-c33fb58dc5c5,jerin,30,lagankhel,Female,
user-2a7b5e0e-01b9-4d9b-8ed5-de77b7e7e273,jerry,29,lagankhel,Female,
user-f6536c43-835f-400c-8174-5b119e5c3df5,pushpa,29,lagankhel,Male,
user-00f3259e-84f6-4050-b095-3ec359917506,josh,29,lagankhel,Male,
user-fa700d54-2d93-4368-96d1-cebeb40392b4,huma,29,lagankhel,Female,
user-fcd7820f-45b1-4735-9d04-42f03c906c6a,messi,34,lagankhel,Male,
user-ab76ecaa-65d9-42bf-a531-f6a8652bc404,neymar,30,lagankhel,Male,
user-8772847d-ce6a-40c0-b89d-0e1bca6c35e3,ronaldo,33,lagankhel,Male,
user-1a8832da-3bad-4cad-a10a-ff3605484c0a,paul,31,lagankhel,Male,
user-bceb9bb4-40ee-471c-af07-bff87762a09d,jalsaha,32,lagankhel,Female,
user-8aba3b12-5b39-4b82-b4a8-edef0f5efb74,rajesh,32,lagankhel,Male,
user-ebe43489-fb03-4e3e-aeb5-79755096e21f,jharna,32,lagankhel,Male,
user-f0e18c66-f5bb-4782-b2d0-595efa2c4578,najir,31,lagankhel,Male,
user-399ffc10-c1e2-4579-a5e6-5628e1baadd7,hussen,31,chabail,Male,
user-16f966a8-3070-4d94-8d29-f5f945d8901b,daya,28,baudha,Male,
user-ea836014-b024-4898-aa6c-bd322c9306a3,priyanka,31,baudha,Male,
user-e5495cdd-72c1-4f8b-9e98-d5f0f6dbac2f,dolly,28,baudha,Male,
user-809c5d84-189e-421b-b9c1-8ff776f780c1,xaya,29,baudha,Female,
user-e365f152-9fd7-4ca7-8e1b-bc7f6f0629cd,nakul,28,baudha,Male,
user-b655a5c6-9d58-4f6f-80a9-9978daefa558,nibesh,27,baudha,Male,
user-2e7e8567-310d-4f78-8efb-c636faa0773f,pankaj,31,baudha,Male,
user-512a493f-a6aa-4934-8499-20a251e50126,kushbu,24,baudha,Female,
user-5c2ffda2-b4f5-4706-96fe-8378adfd6a14,nayan,28,baudha,Male,
user-86cbc574-5819-4e68-af9d-d796a3b68ea0,naina,28,baudha,Female,
user-a619bc1b-e506-4dba-9111-d544f608372c,meena,27,baudha,Female,
user-e2c9bbe4-20ca-4857-af83-7d0f5351a93a,mintu,25,baudha,Male,
user-c4df4ece-2b0b-4ba9-8fb4-48f92150cce1,munni,28,baudha,Female,
user-b5c9f988-7c4b-4ec5-98d5-8547be5a9570,sarukh,31,baudha,Male,
user-f94736fa-d013-4ccf-b8c0-5e07e998a01e,sikha,31,baudha,Male,
user-88822857-7c4c-4126-92bf-f3780a41caa8,silu,31,baudha,Male,
user-3dfd8345-4ff4-4298-af81-829b1f8d2433,nairit,31,baudha,Female,
user-7a3550e1-9c55-41e1-9b29-6ee42c650c05,nalin,29,baudha,Male,
user-d87322c3-e13f-4794-a88f-a33718eb5b39,namaha,29,baudha,Male,
user-419d871f-d2a5-4140-a03d-4d484a5c12e4,nambi,29,baudha,Male,
user-2dcf1e55-bfa1-4273-b473-e2175513b7cf,namit,28,baudha,Male,
user-716da254-953f-41ae-86fe-f97f3b4dc041,nanak,29,baudha,Male,
user-96d95523-a9a7-402b-9c42-b62d6b9c7cbd,nanda,29,baudha,Male,
user-bfe63143-4191-4fe9-93f6-41d82f74913e,nandi,29,baudha,Male,
user-2d0740f9-49c8-4e60-a538-e349529cc365,napat,29,baudha,Male,
user-5bfcb717-308d-4588-8b6a-2b8bfff4ee02,naaresh,29,baudha,Male,
user-15ed3146-3115-4bcd-8427-51fbe7efec69,narun,28,baudha,Male,
user-a630aa48-4102-4dbb-977e-4a0dda6912a2,nataraj,27,baudha,Male,
user-fff93d25-c564-4fe5-97d9-eae7a4d8ab62,bhojkumar,35,chapagaun,Male,
user-c5a9e8d2-4213-4530-ab42-652a5e4af6ce,raahi,25,ktm,Male,
user-009d59ae-9ec6-4dff-9b46-e2b3a80c42f6,raajyashree,26,ktm,Female,
user-3fa3188a-d7de-4b7f-8682-54e99459e783,radhak,24,ktm,Male,
user-8c1c89f4-dbb7-470b-8c60-fe339eac984b,radhesh,23,ktm,Male,
user-840343e0-19f3-4bba-bbea-f9270947e021,radhey,22,kalanki,Male,
user-b9de8606-c9dd-4248-bcf0-5dd8ce6f587a,ragavan,25,kalanki,Male,
user-57bda134-2251-40b2-b2b8-353b667d896c,raghbir,25,kalanki,Male,
user-30cf53c8-990b-4d4d-86fc-ea7c2f76947c,raghavendra,23,koteshwor,Male,
user-7da471bb-3113-4954-a11a-1cfd7e8f4603,raghu,22,koteshwor,Male,
user-419dc003-71c0-4bbe-99d9-1af5176e8eb6,raghunath,22,ktm,Male,
user-869bd5c8-d088-4c57-b130-4b8dcc289f45,rajnikant,23,ktm,Male,
user-9e4139da-5928-4dc1-b694-7d87c3cd1e9e,rajasekar,26,ktm,Male,
user-5723f77e-395d-4bcd-b077-d209f9cae85d,rajashri,24,ktm,Male,
user-36c5e17e-2145-4e03-975a-a9df9d598d97,rajat,25,kalanki,Male,
user-be3edeaa-1b42-431a-ad85-5818613e7a73,rajdeep,24,chabail,Male,
user-aa39965b-21bc-415d-b96b-d390dcf84440,rajendra,24,chabail,Male,
user-35b6b05c-97bf-4298-9ff5-b6237175e4a3,rajendramohan,23,lagankhel,Male,
user-2da1a287-5b2a-4168-9064-97d31a390632,rajit,25,25,Male,
user-497fa10e-8c16-405a-966a-4352fab5ac2e,rajkiran,24,chapagaun,Male,
user-277baf28-c36e-44fd-8b1d-df8c59b229bf,rajnish,22,ktm,Male,
user-edbb85e4-a0f4-4dac-be7a-dc1a901b4fc7,rajmohan,22,chapagaun,Male,
user-f0e5e925-4730-423e-8387-9d41e383255d,rakesh,24,ktm,Male,
user-e01cd495-f933-4563-9bcf-eaa1f1cf7c19,fernando,22,ktm,Male,
user-b4004a4f-9271-4046-a24b-c3c47692e0f9,frank,24,ktm,Male,
user-ebc57cc7-714e-4f3d-9db6-b45b391ed9fb,franklin,25,ktm,Male,
user-afb8518e-1231-48b2-b288-dddfd5ba93a9,florence,23,sadobaato,Male,
user-c6500249-c1e3-43bb-a540-f9883073d962,fredric,23,kalanki,Male,
user-b9843344-286c-484c-87bc-2020bbd8940b,faruq,24,ktm,Male,
user-b6e00e38-c859-47fe-9c83-4f979ab41b91,fabrizio,23,lagankhel,Male,
user-0b9c463c-6939-4b0a-878b-208dc5109f10,parker,22,ktm,Male,
user-01257129-64c9-4d2b-9334-d364827337b2,patrick,24,ktm,Male,
user-c615810b-a5cb-4d23-beba-e331ace24394,paul,24,koteshwor,Male,
user-5e4644fc-0c55-4152-ae14-d713d3e56291,prince,25,kalnki,Male,
user-55f832f4-442d-4304-9ad1-893ab27562c8,kevin,24,sadobaato,Male,
user-02f3e6c3-583d-494c-b1c2-1a2b3a741d12,karter,24,kalanki,Male,
user-ae558f59-0adb-4ae2-8b37-fabe61b1153e,maverick,25,ktm,Male,
user-09970a76-f9fa-4b26-ba8d-3e75d9c99b07,michael,24,chabail,Male,
user-15610880-a5fa-43e0-a1d8-7d5a1e6ec926,moana,25,koteshwor,Male,
user-7a3a02c6-d05d-42b5-82f7-33ecc430f209,mustafa,25,lagankhel,Male,
user-20804a80-4308-4f60-a7fd-ee05e2e22aec,miakel,26,ktm,Male,
user-1d134cb7-2081-4725-9e10-854c6af25803,mario,26,ktm,Male,
user-105b19d9-9a26-4c44-950e-e22939c131f2,marc,24,ktm,Male,
user-e83ba159-2623-4fe8-9af7-f036809e66ec,martin,27,kalanki,Male,
user-5ad76a34-fad8-4ee4-a9db-0e03fa9769c2,sebastian,24,kalanki,Male,
user-bf5b05af-e841-44f0-bfa7-1e94853d4d4b,samuel,23,ktm,Male,
user-bceae1fc-be34-494e-900f-647e11d7c664,steven,23,koteshwor,Male,
user-920656bb-f4e0-4b65-90d3-689006721ccc,simon,24,ktm,Male,
user-adcd9141-ac5d-4f08-961d-819592bc85ca,ivan,25,kalanki,Male,
user-20d1d3fa-93b6-41a7-bdc2-8d8b793bbc75,ibrahim,23,ktm,Male,
user-a226105b-2e11-47a6-a86b-72b8b5f9dbcc,james,24,ktm,Male,
user-0971f05d-401a-41b7-80a5-99db3e14d3c8,jacob,25,ktm,Male,
user-f6e7e42e-84fb-4a43-b8b4-7e48a99ef168,jackson,22,kalanki,Male,
user-c1eb64b2-4b87-42fa-a555-dde79d0c5ce8,jack,24,chabail,Male,
user-603e47b5-2049-4190-aea1-30fc21522b34,joseph,26,ktm,Male,
user-c2c2d83c-4184-4c10-8766-6f8da1bd2780,john,24,kalanki,Male,
user-8db0b9fe-72f0-4412-af5c-34e3f2a440fa,julian,23,chabail,Male,
user-5d221027-e909-4078-a82e-22e7ed29b30e,jayden,25,ktm,Male,
user-0f3713ac-de07-4259-92fa-c5b653c65e3d,jaxon,25,koteshwor,Male,
user-8a6228be-5b0d-408d-a466-cf2d6de240a7,jonathan,23,ktm,Male,
user-5754467a-3ca0-4382-be24-c49b5b772e82,jaso,22,ktm,Female,
user-11a6df44-ad43-4c7f-a447-478a14b00ce5,jalen,24,chabail,Male,
user-789456a0-fc22-4da8-851a-8957fd7dba16,jasper,22,ktm,Male,
user-7c7f99e8-46a4-4449-904a-1d9fba77902c,jordan,24,ktm,Male,
user-3df957a3-0f63-4667-b744-5c90a23621b4,jayendra,25,ktm,Male,
user-7dd7c2a7-e8ff-428e-b101-9fe8b6d3764d,jensen,24,ktm,Male,
user-f15ab8e7-f40e-4dbe-8457-f62f3c8e0858,jaswinder,26,ktm,Male,
user-310ca95d-9804-494f-a2ed-4820edf0e8a4,uilliam,23,ktm,Male,
user-b552db98-4146-4c2e-b3f5-9c48aa2c478e,umar,22,kalanki,Male,
user-8b00f61f-5975-4120-979c-953af522e69d,henry,24,ktm,Male,
user-cf9d32a3-9fac-4802-b32b-f3727569813c,harvey,24,ktm,Male,
user-d2479381-552e-49fe-9a19-7c1512994304,harley,23,kalanki,Male,
user-86ae8130-ac2e-4118-ac4d-299ef1383a22,victor,23,ktm,Male,
user-361a01dd-63fd-4350-a02a-bce59b504609,vihaan,23,sadobaato,Male,
user-acda525e-69ad-42d8-8464-2cff0e855975,nasir,24,ktm,Male,
user-1a6a393d-d01e-4e4e-b4ee-f416f0a2a324,nicholas,22,koteshwor,Male,
user-21c3645a-26c5-4b59-9ec7-7c1ad38f077c,nagendra,23,lagankhel,Male,
user-9ab7d131-3787-4386-b560-e951ccdccb84,nimo,22,lagankhel,Male,
user-ff4aba29-5c1f-4192-9aa5-9dd3f4706f26,nando,21,ktm,Male,
user-f9bca051-2650-4bf6-a08e-62451219b2e0,nanuk,22,koteshwor,Male,
user-b82c47b3-15ab-4911-975f-860fbfa85d34,nitya,23,chabail,Male,
user-73eee7a4-d4e9-4812-b310-4abab228f04c,thomas,25,ktm,Male,
user-51c7d780-2fe0-48ea-ae4b-3b04292b0bd9,tommy,22,ktm,Male,
user-6e41eb61-56c6-45e4-8e99-83c8b13b81f0,charles,23,sadobaato,Male,
user-476ffb3e-22d2-4046-8469-568df27bf6ed,christain,22,ktm,Male,
user-0122ac01-7a50-49fd-af1a-3bb0599202d1,cameron,23,ktm,Male,
user-0cec8d02-7f9d-4fb4-bdc9-e96e3cbd13a0,krishav,25,ktm,Male,
user-224206f1-9079-4944-a3af-49715fcf04d3,kayra,23,kalanki,Female,
user-47e1115f-173a-4267-8f9b-1f4c9c4514a4,kiyansh,23,ktm,Male,
user-a38f2c7c-575e-4f5c-9219-8cbc54f521ba,kairav,27,chabail,Male,
user-b19a3769-43b6-4e0e-99f3-73ebd4c64f5c,jay,23,ktm,Male,
user-670a7a8b-d4c5-4e2a-83da-47e6a4ef8479,jabez,25,ktm,Male,
user-0df7bc0a-f434-480c-a2c3-38f88171abba,jamin,25,ktm,Male,
user-a8daf40c-4964-46c5-aa82-9af5f8c96099,jesus,23,lainchour,Male,
user-56b76b26-5f7c-46a2-9cce-65a7b8a6c0f0,jeremy,26,thamel,Male,
user-899d9c2e-8ccb-4fe8-9256-cc63a09a3607,javion,21,thamel,Male,
user-1f6f72da-ffc0-4dd7-bf8f-46bfc6d05b6f,jareth,26,ktm,Male,
user-3b9b6deb-5faa-4a8d-b90b-23b6cd158dc6,judson,21,ktm,Male,
user-00fb2913-6671-4aab-8479-6c4656e60f90,tanisha,21,ktm,Male,
user-a9b0df03-0d3b-40a9-a811-d30692a5568e,thea,26,ktm,Female,
user-6c97357f-635b-4f71-a044-cde8bbc1b4eb,trace,23,ktm,Male,
user-b9bf461c-abd6-4391-840f-9c8e6bc67d5a,triffiny,23,ktm,Female,
user-d46b4db9-d4e0-41d8-a61d-d73df89d309d,tara,23,ktm,Female,
user-182f498e-675b-4c33-84bc-073cc762224c,toby,28,ktm,Male,
user-948b36b7-f694-4cb2-b847-7bcfa4e4b1c4,tilly,27,ktm,Male,
user-d01efeea-c640-44e8-b3e5-281f2ab9028b,tayla,20,thamel,Male,
user-f39c50a2-6207-42c2-bd78-4e91433bbbbb,truth,30,ktm,Male,
user-eb05d112-af95-4ccb-affb-a4d4114b778e,isabella,23,putalisadak,Female,
user-b0757ae9-2ab0-4a3b-a415-76f51621bc48,alone,23,putalisadak,Male,
user-b084c0a6-8687-44ae-a7bb-83ff8dac02e1,iriana,30,thamel,Female,
user-1d5331f3-e853-41d8-b54f-1ba0139bfc13,iggy,30,thamel,Female,
user-1d24aef9-ee78-4558-8458-b1e05a35601b,lucy,20,thamel,Female,
user-0c77449a-1b60-4b5d-906f-1eacd381890f,leonardo,23,thamel,Male,
user-335ccbbb-9a3b-4cb7-b886-5a9fda4871c9,lukas,24,ktm,Male,
user-572eff20-8e07-4ac3-9d3e-310fb2b694de,leon,23,ktm,Male,
user-04dc33db-2817-4f2a-a2ef-6e608a2d6597,lyric,23,putalisadak,Male,
user-9959b457-27d0-41a0-a0ba-d72b33fda389,laura,26,ktm,Female,
user-94ac691f-bd5e-4572-9c84-3b93022c2f86,liberty,32,ktm,Male,
user-513fbfbd-1378-4b85-83cd-c47d735221c2,zoey,23,ktm,Male,
user-95a09647-1cfe-4051-ae76-77a21c0865bd,zion,29,ktm,Male,
user-9b7e9d8e-c498-4e5b-baa0-690209940902,zane,26,ktm,Male,
user-cb6db7c3-9168-48c4-aecb-e46081787eeb,zillion,26,putalisadak,Male,
user-f27934c3-edbf-4db6-8f39-13b480e3e303,warren,21,ktm,Male,
user-d248d279-a3e0-4659-94c5-957c2cb93928,william,21,ktm,Male,
user-c57666d4-2529-46cc-8378-ca67b60e65c6,watt,23,ktm,Male,
user-20c4a56b-a4e8-4f84-b00d-460f4bcf060b,patrick,29,ktm,Male,
user-25af6022-6f7f-4072-9a1e-aa933431353e,kyle,23,ktm,Male,
user-0c68a624-88c5-4033-8fc6-ebc9b8a4b098,franco,23,ktm,Male,
